Title,Date,Permalink
"Show Us Your Stuff!",20120119,http://madicomain.staging.wpengine.com/?p=42
"Red Nose Day – End Child Poverty",20180927,http://madicomain.staging.wpengine.com/blog/madico-cares/red-nose-day-end-child-poverty/
"Tampa Bay Watch – Coastal Cleanup",20180927,http://madicomain.staging.wpengine.com/blog/madico-cares/tampa-bay-watch-coastal-cleanup/
"Birthday in a Box – Party Supplies for Homeless Children",20180927,http://madicomain.staging.wpengine.com/blog/madico-cares/birthday-in-a-box-biab-party-supplies-for-homeless-children/
"Cedar Lake – Landscaping for a Non-Profit",20180927,http://madicomain.staging.wpengine.com/blog/madico-cares/cedar-lake-landscaping-for-a-non-profit/
"Daystar Life Center – Clothing Drive for the Poor and Homeless",20180927,http://madicomain.staging.wpengine.com/blog/madico-cares/daystar-life-center-clothing-drive-for-the-poor-and-homeless/
"St. Pete Corporate Social Responsibility – 511 Sponsorship",20180927,http://madicomain.staging.wpengine.com/blog/madico-cares/st-pete-corporate-social-responsibility-csr511-sponsorship/
"How to Save Energy at Work",20180330,http://madicomain.staging.wpengine.com/blog/energy-savings/how-to-save-energy-at-work/
"Madico<sup>®</sup> to Acquire The Enpro Group’s Distribution Assets",20110115,http://madicomain.staging.wpengine.com/blog/press-releases/madico-to-acquire-the-enpro-groups-distribution-assets/
"California Residents Can Save Over Four Million Barrels Of Oil Using Energy Saving Window Film",20130226,http://madicomain.staging.wpengine.com/blog/press-releases/california-residents-can-save-over-four-million-barrels-of-oil-using-energy-saving-window-film/
"ClearPlex<sup>®</sup> Joins Madico<sup>®</sup>, Inc.",20161118,http://madicomain.staging.wpengine.com/blog/press-releases/clearplex-joins-madico-inc/
"Discover the Benefits of Partnering with Madico<sup>®</sup> Window Films at SEMA Show 2015",20150828,http://madicomain.staging.wpengine.com/?p=1484
"Madico<sup>®</sup> Acquires Distribution Rights from Courage Distributing USA",20120309,http://madicomain.staging.wpengine.com/?p=1489
"Madico<sup>®</sup> Announces New Testing and Certifications for its Trusted Graffiti Free<sup>®</sup> Films",20160713,http://madicomain.staging.wpengine.com/blog/press-releases/madico-announces-new-testing-and-certifications-for-its-trusted-graffiti-free-films/
"Madico<sup>®</sup> Continues to Grow Global Network with UK Distribution Deal",20140515,http://madicomain.staging.wpengine.com/blog/press-releases/madico-continues-to-grow-global-network-with-uk-distribution-deal/
"Madico<sup>®</sup> Exhibiting Trusted Family of High‐Performing Films at the International Window Film Conference and Tint‐Off<sup>™</sup>",20150918,http://madicomain.staging.wpengine.com/?p=1495
"Madico<sup>®</sup>, Inc. acquires Midwest Marketing’s Distribution Business",20180813,http://madicomain.staging.wpengine.com/blog/press-releases/madico-inc-acquires-midwest-marketings-distribution-business/
"Madico<sup>®</sup> Introduces Sunscape<sup>®</sup> Architectural Window Film Line",20120522,http://madicomain.staging.wpengine.com/?p=1515
"Madico<sup>®</sup> Introduces Sunscape<sup>®</sup> Architectural Window Film Line",20120522,http://madicomain.staging.wpengine.com/?p=1525
"Madico<sup>®</sup> Kicks Off Skin Cancer Awareness Month with Reminder about Indoor Sun Protection",20140501,http://madicomain.staging.wpengine.com/blog/press-releases/madico-kicks-off-skin-cancer-awareness-month-with-reminder-about-indoor-sun-protection/
"Madico<sup>®</sup> Positions Itself for the Future",20170622,http://madicomain.staging.wpengine.com/blog/press-releases/madico-positions-itself-for-the-future/
"Madico<sup>®</sup> Showcasing New Invisi-Film<sup>®</sup> Tough Coat Paint Protection Film at SEMA 2016",20161101,http://madicomain.staging.wpengine.com/?p=1528
"Madico<sup>®</sup> to Debut Invisi-Film<sup>®</sup> Tough Coat at 2016 International Window Film Conference and Tint-Off<sup>®</sup>",20160928,http://madicomain.staging.wpengine.com/?p=1532
"Madico<sup>®</sup> Window Films President David Fletcher Retires after 38 Years of Service",20130701,http://madicomain.staging.wpengine.com/?p=1536
"Madico<sup>®</sup> Window Films to Showcase New Technologies at the 2014 SEMA Show",20141029,http://madicomain.staging.wpengine.com/?p=1538
"Madico<sup>®</sup>, Inc. Announces the Acquisition of Solamatrix<sup>®</sup>, Inc.",20101001,http://madicomain.staging.wpengine.com/?p=1542
"Madico<sup>®</sup>, Inc. Appoints Enersun as Exclusive Distributor of Sun-Gard<sup>®</sup> Brand Products in Australasia",20110518,http://madicomain.staging.wpengine.com/blog/press-releases/madico-inc-appoints-enersun-as-exclusive-distributor-of-sun-gard-brand-products-in-australasia/
"Madico<sup>®</sup>, Inc. Introduces Black Pearl<sup>®</sup> Nano-Ceramic Automotive Film",20180807,http://madicomain.staging.wpengine.com/blog/press-releases/madico-inc-introduces-black-pearl-nano-ceramic-automotive-film/
"Madico<sup>®</sup>, Inc. Introduces ClearPlex<sup>®</sup> Windshield Protection Film",20170822,http://madicomain.staging.wpengine.com/blog/press-releases/madico-inc-introduces-clearplex-windshield-protection-film/
"Madico<sup>®</sup>, Inc. Invests $30 Million in New World Headquarters and Manufacturing Expansion",20171114,http://madicomain.staging.wpengine.com/blog/press-releases/madico-inc-invests-30-million-in-new-world-headquarters-and-manufacturing-expansion/
"Madico<sup>®</sup>'s Decolite<sup>®</sup> Film Ideal for Collaborative Workspace Trend",20140211,http://madicomain.staging.wpengine.com/blog/press-releases/madicos-decolite-film-ideal-for-collaborative-workspace-trend/
"Madico’s Florida Based Window Film Business and Manufacturing Facility Achieves ISO Certification",20111001,http://madicomain.staging.wpengine.com/blog/press-releases/madicos-florida-based-window-film-business-and-manufacturing-facility-achieves-iso-certification/
"Report: Window Film Most Cost-Effective Energy Saving Measure for Florida Residents",20140522,http://madicomain.staging.wpengine.com/blog/press-releases/report-window-film-most-cost-effective-energy-saving-measure-for-florida-residents/
"Vacuum Depositing Inc. Continues its Technology Drive with New Leadership",20171205,http://madicomain.staging.wpengine.com/blog/press-releases/vacuum-depositing-inc-continues-its-technology-drive-with-new-leadership/
"Safety Benefits of Window Film",20140514,http://madicomain.staging.wpengine.com/blog/architectural/safety-benefits-of-window-film/
"5 Common Misconceptions about Window Film",20140625,http://madicomain.staging.wpengine.com/blog/auto/five-common-misconceptions-about-window-film/
"5 Ways to Reduce Your Air Conditioning Bill - Now!",20140731,http://madicomain.staging.wpengine.com/blog/energy-savings/five-ways-to-reduce-your-air-conditioning-bill-now/
"An Energy Audit Saves Electricity and Money",20140812,http://madicomain.staging.wpengine.com/blog/energy-savings/energy-audit-saves-electricity-money/
"Understanding Your State’s Automotive Tint Laws",20140909,http://madicomain.staging.wpengine.com/?p=1576
"Kitchen Energy Savers",20140912,http://madicomain.staging.wpengine.com/blog/energy-savings/kitchen-energy-savers/
"Energy Saving Tips for Your Basement and Attic",20140923,http://madicomain.staging.wpengine.com/blog/energy-savings/energy-saving-tips-basement-attic/
"4 Free Energy Savings Apps for Your Smartphone",20141003,http://madicomain.staging.wpengine.com/blog/energy-savings/5-free-energy-savings-apps-smartphone/
"Save Energy While Cooking Thanksgiving Dinner",20141125,http://madicomain.staging.wpengine.com/blog/energy-savings/save-energy-cooking-thanksgiving-dinner/
"Top 5 Benefits of Having Your Car Tinted",20150123,http://madicomain.staging.wpengine.com/blog/auto/top-5-benefits-car-window-tinting/
"Buying a Home? Look for These Energy-Saving Features",20150210,http://madicomain.staging.wpengine.com/blog/architectural/home-energy-saving-features/
"Nest: A Smart Thermostat That Promises to Save Energy",20150306,http://madicomain.staging.wpengine.com/blog/architectural/nest-smart-thermostat-promises-to-save-energy/
"Tax Credit Now Available for Window Film Installations Completed in 2014",20150120,http://madicomain.staging.wpengine.com/?p=1584
"How Your Energy Company Can Help you Save",20150529,http://madicomain.staging.wpengine.com/blog/architectural/how-your-energy-company-can-help-you-save/
"4 Trends in Energy Efficiency",20150612,http://madicomain.staging.wpengine.com/blog/energy-savings/4-trends-in-energy-efficiency/
"New Windows Versus Window Film",20150320,http://madicomain.staging.wpengine.com/blog/architectural/new-windows-versus-window-film/
"Unexpected Energy Saving Tips",20151016,http://madicomain.staging.wpengine.com/blog/energy-savings/unexpected-energy-saving-tips/
"The Mind-Blowing Benefits of Wind Energy",20151020,http://madicomain.staging.wpengine.com/blog/energy-savings/the-mind-blowing-benefits-of-wind-energy/
"Save Energy and Enjoy the Tiny House Lifestyle",20151030,http://madicomain.staging.wpengine.com/blog/energy-savings/save-energy-and-enjoy-the-tiny-house-lifestyle/
"Honda’s Smart Home",20151103,http://madicomain.staging.wpengine.com/blog/architectural/hondas-smart-home/
"10 Ways to Save Energy in Five Minutes or Less",20151113,http://madicomain.staging.wpengine.com/blog/energy-savings/10-ways-to-save-energy-in-five-minutes-or-less/
"Energy Calculators and Other Nifty Tools",20151117,http://madicomain.staging.wpengine.com/blog/energy-savings/energy-calculators-and-other-nifty-tools/
"Let’s Chat About Energy Conservation",20151127,http://madicomain.staging.wpengine.com/blog/architectural/lets-chat-about-energy-conservation/
"Introducing Homeselfe: The Selfie Craze Meets Energy Efficiency",20151201,http://madicomain.staging.wpengine.com/blog/architectural/introducing-homeselfe-selfie-craze-meets-energy-efficiency/
"Become an Energy Conservation Advocate",20151211,http://madicomain.staging.wpengine.com/blog/energy-savings/become-an-energy-conservation-advocate/
"Introducing AMPY: Powered by You",20151215,http://madicomain.staging.wpengine.com/?p=1752
"Energy-Efficient Clothes Dryers Make a Big Impact",20151229,http://madicomain.staging.wpengine.com/blog/energy-savings/energy-efficient-clothes-dryers-make-a-big-impact/
"Show Us Your Stuff: A Sunscape Project in Weymouth, MA",20131113,http://madicomain.staging.wpengine.com/?p=1770
"""The Heat Is On""",20160112,http://madicomain.staging.wpengine.com/blog/energy-savings/the-heat-is-on/
"SolePower: Making Strides for a More Energy-Efficient World",20160108,http://madicomain.staging.wpengine.com/blog/energy-savings/solepower-making-strides-for-a-more-energy-efficient-world/
"Stay Warmer This Winter with Window Film",20160122,http://madicomain.staging.wpengine.com/blog/energy-savings/stay-warmer-this-winter-with-window-film/
"UN Climate Change Conference Report",20160126,http://madicomain.staging.wpengine.com/blog/energy-savings/un-climate-change-conference-report/
"Shining Innovations for LED Lighting",20160205,http://madicomain.staging.wpengine.com/blog/energy-savings/shining-innovations-for-led-lighting/
"Report Shows How Ultra High-Definition TVs Drain Energy",20160209,http://madicomain.staging.wpengine.com/blog/energy-savings/report-shows-how-ultra-high-definition-tvs-drain-energy/
"A Growing Energy Source: Renewable Natural Gas",20160219,http://madicomain.staging.wpengine.com/blog/energy-savings/a-growing-energy-source-renewable-natural-gas/
"3 Great Energy Conservation Websites for Kids",20160223,http://madicomain.staging.wpengine.com/blog/energy-savings/3-great-energy-conservation-websites-for-kids/
"Did You Know That Window Film Helps House Plants?",20160304,http://madicomain.staging.wpengine.com/blog/uncategorized/did-you-know-that-window-film-helps-house-plants/
"International Energy Efficiency Scorecard",20160308,http://madicomain.staging.wpengine.com/blog/energy-savings/international-energy-efficiency-scorecard/
"Have It Made in the Shade: Shopping Tips for Auto Tint",20160318,http://madicomain.staging.wpengine.com/blog/auto/have-it-made-in-the-shade-shopping-tips-for-auto-tint/
"Cool Roofs",20160322,http://madicomain.staging.wpengine.com/blog/architectural/cool-roofs/
"Wonders of Recycling: Plastic-Bottle Homes",20160401,http://madicomain.staging.wpengine.com/blog/architectural/wonders-recycling-plastic-bottle-homes/
"Crowdsourcing Climate Change",20160405,http://madicomain.staging.wpengine.com/blog/energy-savings/crowdsourcing-climate-change/
"Solar Lights Hit the Streets",20160419,http://madicomain.staging.wpengine.com/blog/energy-savings/solar-lights-hit-streets/
"Celebrate National Window Film Day on April 30",20160429,http://madicomain.staging.wpengine.com/?p=1987
"Stars in the Fight Against Climate Change",20160503,http://madicomain.staging.wpengine.com/blog/energy-savings/stars-fight-climate-change/
"Rain Barrels Save Water and the Environment",20160513,http://madicomain.staging.wpengine.com/blog/energy-savings/rain-barrels-save-water-environment/
"It's a Winner! The 2nd Annual Sunscape Dealer Conference Scores Big",20140219,http://madicomain.staging.wpengine.com/?p=2022
"Artificial Grass Takes Root in California",20160517,http://madicomain.staging.wpengine.com/blog/energy-savings/artificial-grass-takes-root-california/
"Life in a Smart Energy Home",20160527,http://madicomain.staging.wpengine.com/blog/architectural/life-smart-energy-home/
"ENERGY STAR Announces Top Cities for 2016",20160531,http://madicomain.staging.wpengine.com/blog/architectural/energy-star-announces-top-cities-2016/
"Creating the Right Climate for Green Learning at MIT",20160610,http://madicomain.staging.wpengine.com/blog/energy-savings/creating-right-climate-green-learning-mit/
"Bicycle Parking for a Healthier Planet",20160614,http://madicomain.staging.wpengine.com/blog/energy-savings/bicycle-parking-healthier-planet/
"Cafeteria Food for Thought",20160624,http://madicomain.staging.wpengine.com/blog/energy-savings/cafeteria-food-thought/
"Two New Sunscape Product Offerings Are Here!",20140225,http://madicomain.staging.wpengine.com/?p=2111
"Keep Your Cool with Heat Rejection",20160628,http://madicomain.staging.wpengine.com/blog/energy-savings/keep-cool-heat-rejection/
"Home Energy Quiz & Summer Links",20160708,http://madicomain.staging.wpengine.com/blog/auto/home-energy-quiz-summer-links/
"Internet Surfing's Environmental Impact",20160712,http://madicomain.staging.wpengine.com/blog/energy-savings/internet-surfings-environmental-impact/
"Smart Buildings Save Energy",20160722,http://madicomain.staging.wpengine.com/blog/architectural/smart-buildings-save-energy/
"Fannie Mae Finances Energy Efficiency",20160727,http://madicomain.staging.wpengine.com/blog/energy-savings/fannie-mae-finances-energy-efficiency/
"Sunscape Success Story: Sunblockers, Inc. and California Schools",20140324,http://madicomain.staging.wpengine.com/?p=2207
"Solar Powered Metro Sets a Shining Example",20160805,http://madicomain.staging.wpengine.com/blog/architectural/solar-powered-metro-sets-shining-example/
"Download the Sales Support Manual Today - It's Made for Sunscape Dealers",20140328,http://madicomain.staging.wpengine.com/?p=2236
"How is Your Local Grocery Store Saving Energy?",20160809,http://madicomain.staging.wpengine.com/blog/energy-savings/grocery-store-saving-energy/
"Step Into Spring With Print Advertising! Two Useful Resources Will Get You Going",20140402,http://madicomain.staging.wpengine.com/?p=2252
"Apple Inc. Makes Strides in Preserving the Environment",20160819,http://madicomain.staging.wpengine.com/blog/energy-savings/apple-preserves-environment/
"5 Reasons Why Your Company Should Go Green",20160823,http://madicomain.staging.wpengine.com/blog/energy-savings/5-reasons-company-go-green/
"May is Skin Cancer Awareness Month. Educate Your Customers!",20140506,http://madicomain.staging.wpengine.com/?p=2300
"6 Tips to Keep Your Dorm Green this Semester",20160902,http://madicomain.staging.wpengine.com/blog/energy-savings/6-tips-to-keep-your-dorm-green-this-semester/
"Check Out Two More Slide Shows From the 2014 Sunscape Dealer Conference",20140527,http://madicomain.staging.wpengine.com/?p=2331
"Skylights: Where Interior Design Meets Energy Savings",20160906,http://madicomain.staging.wpengine.com/blog/energy-savings/skylights-energy-saving/
"How Will Energy Saving Efforts Pay Off?",20160916,http://madicomain.staging.wpengine.com/blog/energy-savings/energy-savings-in-the-future/
"Too Many Passwords to Remember? Try This Free Tool to Help",20140709,http://madicomain.staging.wpengine.com/blog/dealer-support/too-many-passwords-to-remember-try-this-free-tool-to-help/
"Energy Saving Myths and Their Alternatives",20160923,http://madicomain.staging.wpengine.com/blog/energy-savings/energy-saving-myths-and-their-alternatives/
"Make an Appointment with Yourself to Spend Time on Marketing",20140722,http://madicomain.staging.wpengine.com/blog/dealer-support/make-an-appointment-with-yourself-to-spend-time-on-marketing/
"Hydrokinetics: Making Waves in Energy Savings",20161007,http://madicomain.staging.wpengine.com/blog/energy-savings/hydrokinetics-making-waves-energy-savings/
"Expose Your Customers to the Window Film Benefits of UV Protection",20140806,http://madicomain.staging.wpengine.com/?p=2456
"CFLs: The Good and The Bad",20161011,http://madicomain.staging.wpengine.com/blog/energy-savings/compact-florescent-lamps/
"Save Energy This Thanksgiving Holiday",20161021,http://madicomain.staging.wpengine.com/blog/energy-savings/save-energy-this-thanksgiving/
"Know Your Competition and Set Yourself Apart",20140819,http://madicomain.staging.wpengine.com/?p=2473
"The Issues with Our Nation's Aging Power Grid",20161025,http://madicomain.staging.wpengine.com/blog/energy-savings/nations-aging-power-grid/
"Madico Safety Films Tested to Exceed GSA Blast Criteria",20110505,http://madicomain.staging.wpengine.com/?p=2483
"Hiring Employees the Right Way",20140902,http://madicomain.staging.wpengine.com/?p=2484
"Best New Energy Saving Appliances",20161104,http://madicomain.staging.wpengine.com/blog/energy-savings/energy-saving-appliances/
"Using the Sunscape Sales Meter Kit to Increase Sales",20140915,http://madicomain.staging.wpengine.com/blog/product-news/using-the-sunscape-sales-meter-kit-to-increase-sales/
"A Beginner's Guide to the Electric Car",20161108,http://madicomain.staging.wpengine.com/blog/energy-savings/electric-car/
"Energy-Efficient Decorating Ideas for the Holidays",20161118,http://madicomain.staging.wpengine.com/blog/energy-savings/decorating-efficiently/
"Top 5 Energy-Efficient Countries Series: The United Kingdom",20161122,http://madicomain.staging.wpengine.com/blog/energy-savings/acee-list-united-kingdom/
"Video from Bob Connelly, CEO, Madico, Inc.",20110601,http://madicomain.staging.wpengine.com/?p=2558
"Top 5 Energy-Efficient Countries Series: France",20161202,http://madicomain.staging.wpengine.com/blog/energy-savings/energy-saving-countries-france/
"Top 5 Energy-Efficient Countries Series: Japan and Italy",20161206,http://madicomain.staging.wpengine.com/blog/energy-savings/top-5-energy-efficient-countries-series-japan-italy/
"Top 5 Energy-Efficient Countries Series: Germany",20161216,http://madicomain.staging.wpengine.com/blog/energy-savings/germany-efficient-country/
"The Top Energy-Saving Trends from 2016",20161220,http://madicomain.staging.wpengine.com/blog/energy-savings/2016-energy-trends/
"Four Gadgets to Help You Save Money in 2017",20170106,http://madicomain.staging.wpengine.com/blog/energy-savings/gadgets-energy-saving/
"Promote Your Business on Small Business Saturday",20141107,http://madicomain.staging.wpengine.com/?p=2604
"Celebrate the Energy-Savings and Other Benefits of Window Film!",20161230,http://madicomain.staging.wpengine.com/blog/energy-savings/benefits-window-film/
"Save Energy on National Cut Energy Costs Day",20170110,http://madicomain.staging.wpengine.com/blog/energy-savings/cut-energy-costs-day/
"Having a Customer Database Can Improve Your Business",20141208,http://madicomain.staging.wpengine.com/blog/dealer-support/having-a-customer-database-can-improve-your-business/
"Alternative Ways to Heating Your Home",20170124,http://madicomain.staging.wpengine.com/blog/energy-savings/heat-home/
"New Year's Resolutions for Your Business",20150105,http://madicomain.staging.wpengine.com/?p=2652
"3 Easy Ways to Increase Your Refrigerator's Efficiency",20170207,http://madicomain.staging.wpengine.com/blog/energy-savings/3-easy-ways-increase-refrigerators-efficiency/
"Quiz: Energy Efficiency IQ - Which is the Most Energy Efficient Decision?",20170221,http://madicomain.staging.wpengine.com/blog/energy-savings/quiz-energy-efficiency-iq-energy-efficient-decision/
"The Marketing Plan Webinar is Now Available",20150202,http://madicomain.staging.wpengine.com/?p=2688
"How to Buy the Perfect Light Bulb for Every Room in Your House",20170307,http://madicomain.staging.wpengine.com/blog/energy-savings/buy-perfect-light-bulb-every-room-house/
"A Development Group is Planning a City Fueled 100 Percent By Solar Power. Here’s Everything You Need to Know.",20170321,http://madicomain.staging.wpengine.com/blog/energy-savings/development-group-planning-city-fueled-solar-power/
"Is This the World’s Greenest Home?",20170502,http://madicomain.staging.wpengine.com/blog/energy-savings/worlds-greenest-home/
"5 Ways to Successfully Manage Your Email",20150216,http://madicomain.staging.wpengine.com/blog/dealer-support/5-ways-to-successfully-manage-your-email/
"Interested in a Solar Powered Air Conditioner? Here are the Pros and Cons",20170404,http://madicomain.staging.wpengine.com/blog/energy-savings/solar-powered-air-conditioner-pros-cons/
"Two Ways to Find the Greenest Cleaning Products This Spring",20170418,http://madicomain.staging.wpengine.com/blog/energy-savings/find-green-cleaning-products-spring/
"How the Urbanization Trend is Affecting Energy Savings",20170516,http://madicomain.staging.wpengine.com/blog/energy-savings/urbanization-affectings-energy-savings/
"Starting Your Work Day with a Productive Morning",20150316,http://madicomain.staging.wpengine.com/?p=2790
"A Bright Idea: Outdoor Solar Lights",20150728,http://madicomain.staging.wpengine.com/blog/architectural/a-bright-idea-outdoor-solar-lights/
"How Do I Recycle…?",20150807,http://madicomain.staging.wpengine.com/?p=2796
"The Way of the Future: Hybrid and Electric Cars",20150821,http://madicomain.staging.wpengine.com/blog/auto/the-way-of-the-future-hybrid-and-electric-cars/
"Improve Your Home’s Energy Efficiency with Insulated Siding",20150904,http://madicomain.staging.wpengine.com/blog/architectural/improve-your-homes-energy-efficiency-with-insulated-siding/
"Game-Changing Energy Conservation Apps",20150908,http://madicomain.staging.wpengine.com/blog/energy-savings/game-changing-energy-conservation-apps/
"How Window Film Reduces Greenhouse Gases",20150922,http://madicomain.staging.wpengine.com/blog/uncategorized/how-window-film-reduces-greenhouse-gases/
"Save Energy and Money with Google’s Latest Brainchild",20151002,http://madicomain.staging.wpengine.com/blog/energy-savings/save-energy-and-money-with-googles-latest-brainchild/
"Car Window Tinting Laws: What You Need to Know",20151006,http://madicomain.staging.wpengine.com/blog/auto/car-window-tinting-laws-what-you-need-to-know/
"Fuel Efficiency Driving Tips",20160515,http://madicomain.staging.wpengine.com/blog/auto/fuel-efficiency-driving-tips/
"Energy Saving Tips For Your Bathroom",20170103,http://madicomain.staging.wpengine.com/blog/energy-savings/energy-saving-tips-bathroom/
"Tools for Monitoring Home Energy Usage",20170303,http://madicomain.staging.wpengine.com/blog/architectural/monitoring-home-energy-usage/
"Window Film Versus Window Shades",20170217,http://madicomain.staging.wpengine.com/blog/uncategorized/window-film-versus-window-shades/
"How to Select the Best Programmable Thermostat",20170216,http://madicomain.staging.wpengine.com/blog/architectural/best-programmable-thermostat/
"Can I Use Renewable Energy for My Home?",20170202,http://madicomain.staging.wpengine.com/blog/architectural/renewable-energy-home/
"The Terminology to Know When Considering Window Film",20170623,http://madicomain.staging.wpengine.com/blog/uncategorized/the-terminology-to-know-when-considering-window-film/
"Who Needs Window Film?",20170609,http://madicomain.staging.wpengine.com/blog/architectural/who-needs-window-film/
"Managing the Sun’s Heat with Window Film",20170707,http://madicomain.staging.wpengine.com/blog/architectural/managing-the-suns-heat-with-window-film/
"Saving Energy in Schools with Window Film",20170721,http://madicomain.staging.wpengine.com/blog/energy-savings/saving-energy-schools-window-film/
"Teach Your Kids to Save Energy at Home",20170331,http://madicomain.staging.wpengine.com/blog/energy-savings/teach-kids-save-energy-home/
"Window Films Save Energy and Money for Small Businesses",20170414,http://madicomain.staging.wpengine.com/blog/uncategorized/window-films-save-money/
"Window Film in Your Community",20170512,http://madicomain.staging.wpengine.com/blog/uncategorized/window-film-community/
"Commercial Window Film In Restaurants Can Improve Customer Experience",20170428,http://madicomain.staging.wpengine.com/blog/architectural/commercial-window-film-in-restaurants-can-improve-customer-experience/
"Window Film Delivers Energy Savings for Apartment Complexes",20170526,http://madicomain.staging.wpengine.com/blog/energy-savings/window-film-delivers-energy-savings-for-apartment-complexes/
"Lowering Your Carbon Footprint with Car Window Film",20170317,http://madicomain.staging.wpengine.com/blog/auto/lowering-your-carbon-footprint-with-car-window-film/
"The Latest Building Trend: Passive Energy Homes",20170530,http://madicomain.staging.wpengine.com/blog/energy-savings/latest-building-trend-passive-energy-homes/
"How an Energy-Efficient Home Makes You Healthier",20170613,http://madicomain.staging.wpengine.com/blog/energy-savings/how-an-energy-efficient-home-makes-you-healthier/
"John Hancock Tower Case Study",20110628,http://madicomain.staging.wpengine.com/?p=2829
"Rock National Window Film Day With the Tools We've Provided You!",20150413,http://madicomain.staging.wpengine.com/?p=2839
"5 Products You Will Be Shocked to Learn Are Made From Recycled Materials",20170627,http://madicomain.staging.wpengine.com/blog/energy-savings/5-products-recycled-materials/
"The Story of the Developer Who's Trying to Build the World's First Energy Self-Sufficient Rental Complex",20170711,http://madicomain.staging.wpengine.com/blog/energy-savings/worlds-first-energy-self-sufficient-rental-complex/
"Energy Efficiency Rebates and Incentives For Your Home",20170818,http://madicomain.staging.wpengine.com/blog/energy-savings/energy-efficiency-rebates-incentives-home/
"5 Questions to Ask Before Tinting Your Car Windows",20171124,http://madicomain.staging.wpengine.com/blog/auto/5-questions-automotive-tint-car-windows/
"Save Energy by Slaying Vampire Power",20171027,http://madicomain.staging.wpengine.com/blog/energy-savings/save-energy-slaying-vampire-power/
"Fall and Winter Energy Saving Tips",20171110,http://madicomain.staging.wpengine.com/blog/energy-savings/fall-winter-energy-saving-tips/
"5 Questions to Ask Before Considering Window Film For Home or Business",20170901,http://madicomain.staging.wpengine.com/blog/residential/5-questions-ask-considering-window-film-home-business/
"Exploring the Car Tinting Process",20170804,http://madicomain.staging.wpengine.com/blog/auto/exploring-car-tinting-process/
"Daylight Exposure Important in the Workplace",20170915,http://madicomain.staging.wpengine.com/blog/energy-savings/daylight-exposure-important-workplace/
"Understanding the Importance of Insulation",20171013,http://madicomain.staging.wpengine.com/blog/architectural/importance-of-insulation/
"Have Yourself An Energy Efficient Christmas",20171208,http://madicomain.staging.wpengine.com/blog/energy-savings/energy-efficient-christmas/
"The Benefits of Decorative Window Film",20170929,http://madicomain.staging.wpengine.com/blog/architectural/decorative-window-film-benefits/
"Radiant vs. Forced-Air: Which is More Sustainable for a Home?",20170725,http://madicomain.staging.wpengine.com/blog/energy-savings/radiant-vs-forced-air/
"IWFA Contributes to Sustainable Facility Magazine",20110713,http://madicomain.staging.wpengine.com/?p=2886
"Skin Cancer Awareness Month Starts with Window Film",20150511,http://madicomain.staging.wpengine.com/?p=2901
"How Tankless Water Heaters Help Us Save Energy and Money",20170808,http://madicomain.staging.wpengine.com/blog/energy-savings/tankless-water-heaters-save-energy-money/
"6 Ways You're Wasting Time at Work",20150525,http://madicomain.staging.wpengine.com/blog/dealer-support/6-ways-youre-wasting-time-at-work/
"Some Amazing Energy-Saving Products you Should Definitely Check Out",20170822,http://madicomain.staging.wpengine.com/blog/energy-savings/energy-saving-products/
"Madico Featured in designguide.com",20110803,http://madicomain.staging.wpengine.com/?p=2926
"How to Streamline Your Sales Strategy",20150608,http://madicomain.staging.wpengine.com/blog/marketing/how-to-streamline-your-sales-strategy/
"Harvard's HouseZero Aims to Prove Retrofits Can Drive Energy Efficiency in Old Buildings",20170905,http://madicomain.staging.wpengine.com/blog/energy-savings/harvards-housezero-retrofits-green-sustainable-technology/
"These Wild New Skyscrapers Are Building Forests in the Sky",20170919,http://madicomain.staging.wpengine.com/blog/energy-savings/new-skyscrapers-building-forests/
"Home, Garden and Design Show Tips for Dealers",20150707,http://madicomain.staging.wpengine.com/blog/dealer-support/home-garden-and-design-show-tips-for-dealers/
"Here are our Top Five Energy-Saving Products for Renters",20171003,http://madicomain.staging.wpengine.com/blog/energy-savings/five-energy-saving-products/
"Facebook has the Tools to Promote Your Business",20150804,http://madicomain.staging.wpengine.com/blog/social-media/facebook-has-the-tools-to-promote-your-business/
"Four Reasons to Use a Light Straw Clay Wall System",20171017,http://madicomain.staging.wpengine.com/blog/energy-savings/4-reasons-use-light-straw-clay-wall-system/
"The Flex House: Multi-Faceted Adaptability",20171031,http://madicomain.staging.wpengine.com/blog/energy-savings/flex-house-adaptability/
"The Power of Promotional Products",20150817,http://madicomain.staging.wpengine.com/blog/dealer-support/the-power-of-promotional-products/
"Easy Energy Tips for Apartments",20171128,http://madicomain.staging.wpengine.com/blog/energy-savings/easy-energy-tips-for-apartments/
"Three Lessons We Can Learn From One Couple’s Quest to Make a Zero Net Energy Home",20171114,http://madicomain.staging.wpengine.com/blog/energy-savings/couples-quest-zero-net-energy/
"Earning Rebate Dollars with a Window Film Installation",20180105,http://madicomain.staging.wpengine.com/blog/energy-savings/earning-rebate-dollars-with-a-window-film-installation/
"Energy Efficiency Tips for the Garage",20180417,http://madicomain.staging.wpengine.com/blog/energy-savings/energy-efficiency-tips-garage/
"Saving Energy in Every Room",20180119,http://madicomain.staging.wpengine.com/blog/architectural/saving-energy-in-every-room/
"A Week’s Worth of Energy Saving Tips",20171222,http://madicomain.staging.wpengine.com/blog/energy-savings/weeks-worth-energy-saving-tips/
"How to Save on Energy with Outdated Appliances",20180427,http://madicomain.staging.wpengine.com/blog/energy-savings/how-to-save-energy-with-outdated-appliances/
"5 Energy Tips for Your Restaurant",20180511,http://madicomain.staging.wpengine.com/blog/energy-savings/restaurant-energy-saving-tips/
"4 Wacky Ways to Save Energy",20180316,http://madicomain.staging.wpengine.com/blog/energy-savings/4-wacky-ways-to-save-energy/
"4 Spring Cleaning Tips for Energy Savings",20180403,http://madicomain.staging.wpengine.com/blog/residential/4-spring-cleaning-tips-for-energy-savings/
"5 Tips to a Lower Water Heater Bill",20180302,http://madicomain.staging.wpengine.com/blog/architectural/5-tips-to-a-lower-water-heater-bill/
"Window Film Fights Skin Cancer",20180501,http://madicomain.staging.wpengine.com/blog/uncategorized/window-film-fights-skin-cancer/
"Window Film for Your Vehicle (Infographic)",20180525,http://madicomain.staging.wpengine.com/blog/auto/window-film-for-your-vehicle-infographic/
"How Long Should Household Appliances Last?",20180413,http://madicomain.staging.wpengine.com/blog/energy-savings/how-long-should-household-appliances-last/
"5 Affordable Ways to Market Your Business",20150914,http://madicomain.staging.wpengine.com/?p=3118
"Top 5 Mis-recycled Objects",20171212,http://madicomain.staging.wpengine.com/blog/energy-savings/top-5-mis-recycled-objects/
"Three Things to Know Before You Build a Living Wall",20171223,http://madicomain.staging.wpengine.com/blog/energy-savings/three-things-to-know-before-you-build-a-living-wall/
"How Glass and Window Film Work Together to Save You Energy",20180109,http://madicomain.staging.wpengine.com/blog/architectural/glass-window-film-save-energy/
"Revisit Your Marketing Plan for 2016",20151012,http://madicomain.staging.wpengine.com/?p=3158
"Madico Window Films to Exhibit at the IWFA Tint-Off and Conference and ASIS International",20110901,http://madicomain.staging.wpengine.com/?p=3170
"Not Just Business: Why Doing ‘The Right Thing’ is The Right Thing For Your Business",20180123,http://madicomain.staging.wpengine.com/blog/commercial/business-right-thing/
"How Ball State Built One of the Most Energy-Efficient College Campuses in the World",20180206,http://madicomain.staging.wpengine.com/blog/energy-savings/ball-state-energy-efficient/
"Ever Wonder How Dams Save You Energy?",20180220,http://madicomain.staging.wpengine.com/blog/energy-savings/dams-save-energy/
"How to Save Money by Insulating Your Garage Door",20180306,http://madicomain.staging.wpengine.com/blog/energy-savings/save-money-insulating-garage-door/
"Is Installing Window Film a Do-It-Yourself Job?",20180724,http://madicomain.staging.wpengine.com/blog/architectural/is-installing-window-film-a-do-it-yourself-job/
"5 Ways to Save Energy in Your Home",20180807,http://madicomain.staging.wpengine.com/blog/energy-savings/5-ways-to-save-energy-in-your-home/
"Home Office Energy Saving Tips",20180817,http://madicomain.staging.wpengine.com/blog/energy-savings/home-office-energy-saving-tips/
"5 Energy Savings Myths Busted",20181002,http://madicomain.staging.wpengine.com/blog/residential/5-energy-savings-myths-busted/
"3 Energy Saving Items to Buy at Your Hardware Store",20180928,http://madicomain.staging.wpengine.com/blog/residential/3-energy-saving-items-buy-hardware-store/
"Recycling at Home Saves Energy for Everyone",20180918,http://madicomain.staging.wpengine.com/blog/energy-savings/home-recycling-saves-energy-everyone/
"What Your Electric Bill Can Tell You about Energy Use",20180720,http://madicomain.staging.wpengine.com/blog/energy-savings/electric-bill-can-tell-energy-use/
"Top Apps to Use in an Energy Emergency",20180821,http://madicomain.staging.wpengine.com/blog/energy-savings/disaster-relief-mobile-apps/
"The 411 on Zero Net Energy Homes",20180831,http://madicomain.staging.wpengine.com/blog/architectural/zero-net-energy-homes/
"Save Energy No Matter Where You Live",20180710,http://madicomain.staging.wpengine.com/blog/energy-savings/save-energy-no-matter-where-you-live/
"Getting Started With Solar Panels",20180622,http://madicomain.staging.wpengine.com/blog/architectural/getting-started-with-solar-panels/
"How to Optimize Your Home for Passive Solar Energy",20180914,http://madicomain.staging.wpengine.com/blog/architectural/how-to-optimize-your-home-for-passive-solar-energy/
"Power Down Your Home on Summer Vacation",20180529,http://madicomain.staging.wpengine.com/blog/architectural/power-down-your-home-on-summer-vacation/
"Infographic: Benefits of Window Film for Your Home",20180904,http://madicomain.staging.wpengine.com/blog/uncategorized/infographic-benefits-of-window-film-for-your-home/
"Benefits of Window Film in Hospitals",20180626,http://madicomain.staging.wpengine.com/blog/architectural/benefits-of-window-film-in-hospitals/
"Why You Should Service Your Air Conditioner",20180612,http://madicomain.staging.wpengine.com/blog/energy-savings/why-you-should-service-your-air-conditioner/
"Quiz: Which energy appliance are you?",20180608,http://madicomain.staging.wpengine.com/blog/energy-savings/quiz-which-energy-appliance-are-you/
"Travel Green and Save Energy",20180706,http://madicomain.staging.wpengine.com/blog/energy-savings/travel-green-and-save-energy/
"Madico Window Films Gears up for the 2011 SEMA Show",20111025,http://madicomain.staging.wpengine.com/?p=3432
"Madico Window Films to Exhibit at International Window Film Tint-Off and Conference in September",20110531,http://madicomain.staging.wpengine.com/?p=4059
"Celebrate National Window Film Day",20160407,http://madicomain.staging.wpengine.com/?p=4123
"Show Your Customers Their ROI with Efilm",20160410,http://madicomain.staging.wpengine.com/blog/dealer-support/show-your-customers-their-roi-with-efilm/
"ASID Local Chapter Membership Benefits for Sunscape Dealers",20160411,http://madicomain.staging.wpengine.com/?p=4136
"Make Your Marketing Dollars Go Further",20160509,http://madicomain.staging.wpengine.com/?p=4169
"Registration Open for the Support Center Enhancements Webinar",20160506,http://madicomain.staging.wpengine.com/?p=4173
"The Secrets to His Success",20160606,http://madicomain.staging.wpengine.com/?p=4305
"Four Tips To Enhance Your Business' Social Media Presence",20160711,http://madicomain.staging.wpengine.com/?p=4369
"Best Practices For Your Techs On Residential Projects",20130215,http://madicomain.staging.wpengine.com/blog/business-operations/best-practices-for-your-techs-on-residential-projects/
"Completing the Transaction: Don't Let Receivables Get Out of Control",20120520,http://madicomain.staging.wpengine.com/blog/business-operations/completing-the-transaction-dont-let-receivables-get-out-of-control/
"Jobsite Safety, OSHA, And Your Sunscape Dealership",20121127,http://madicomain.staging.wpengine.com/blog/business-operations/jobsite-safety-osha-and-your-sunscape-dealership/
"No Business Plan? Consider Creating One",20131007,http://madicomain.staging.wpengine.com/?p=4389
"""Size Up"" Your Business With This Online Tool",20131021,http://madicomain.staging.wpengine.com/blog/business-operations/size-up-your-business-with-this-online-tool/
"The U.S. Small Business Administration: Use It!",20130910,http://madicomain.staging.wpengine.com/blog/business-operations/the-u-s-small-business-administration-use-it/
"5 Free Marketing Tools You Must Try",20160607,http://madicomain.staging.wpengine.com/?p=4396
"Cross-Promoting Your Business With Other Trades",20130624,http://madicomain.staging.wpengine.com/?p=4399
"Give Your Website a Check-up With Hubspot's Marketing Grader",20130314,http://madicomain.staging.wpengine.com/blog/sales-and-marketing/give-your-website-a-check-up-with-hubspots-marketing-grader/
"LinkedIn 101: Get Connected and Grow Your Business",20130717,http://madicomain.staging.wpengine.com/blog/sales-and-marketing/linkedin-101-get-connected-and-grow-your-business/
"Simplicity Is Key For Creating 'Sticky' Customers",20140121,http://madicomain.staging.wpengine.com/blog/marketing/simplicity-is-key-for-creating-sticky-customers/
"The Importance of Following Up with Customers and Prospects",20120205,http://madicomain.staging.wpengine.com/blog/sales-and-marketing/the-importance-of-following-up-with-customers-and-prospects/
"Retain Key Employees and Strengthen Your Business",20120811,http://madicomain.staging.wpengine.com/blog/employee-relations/retain-key-employees-and-strengthen-your-business/
"Subcontractor Or Employee? Make Sure You Know the Difference",20120607,http://madicomain.staging.wpengine.com/?p=4411
"Got Employees? Workplace Posters Are Required",20131101,http://madicomain.staging.wpengine.com/blog/employee-relations/got-employees-workplace-posters-are-required/
"30-Minute Online SBA Course: Cybersecurity for Small Businesses",20140424,http://madicomain.staging.wpengine.com/blog/business-operations/30-minute-online-sba-course-cybersecurity-for-small-businesses/
"Increase Team Productivity By Starting at the Source: You",20160808,http://madicomain.staging.wpengine.com/?p=4486
"Sunscape Labor Day Sales Contest Winners",20160907,http://madicomain.staging.wpengine.com/?p=4502
"Don't Miss Out on the 2016 WFCT!",20160912,http://madicomain.staging.wpengine.com/?p=4533
"Four Reasons Your Business Needs a Website",20161010,http://madicomain.staging.wpengine.com/?p=4547
"5 Applications to Benefit Your Small Business",20161107,http://madicomain.staging.wpengine.com/blog/marketing/5-applications-to-benefit-your-small-business/
"3 Tips for Your Most Profitable Year in 2017",20161212,http://madicomain.staging.wpengine.com/?p=4583
"Madico Opens Additional Service Centers Across U.S.",20120315,http://madicomain.staging.wpengine.com/?p=4589
"Tips to Reduce Your Workload",20170109,http://madicomain.staging.wpengine.com/?p=4591
"California Dreamin’: Madico Heads to the West Coast for the 2017 Sunscape Dealer Conference",20170206,http://madicomain.staging.wpengine.com/?p=4610
"The Importance of Being in the Dealer Directory",20170306,http://madicomain.staging.wpengine.com/?p=4646
"Run a Better Small Business: The Value of Outsourcing",20170410,http://madicomain.staging.wpengine.com/?p=4706
"Best Ways for Small Businesses to Advertise on Facebook",20170508,http://madicomain.staging.wpengine.com/blog/marketing/best-ways-for-small-businesses-to-advertise-on-facebook/
"New Report Confirms Window Film as One of the Most Cost-Effective Solutions for Energy Savings",20120308,http://madicomain.staging.wpengine.com/blog/news/new-report-confirms-window-film-as-one-of-the-most-cost-effective-solutions-for-energy-savings/
"Share, Source, and Collaborate Confidentially on Your New Private Facebook Group",20170605,http://madicomain.staging.wpengine.com/blog/dealer-support/share-source-and-collaborate-confidentially-on-your-new-private-facebook-page/
"Should You Be the Boss and Human Resources?",20170710,http://madicomain.staging.wpengine.com/blog/business-operations/should-you-be-the-boss-and-human-resources/
"Password Manager: A Must-Have for Businesses",20170807,http://madicomain.staging.wpengine.com/?p=4963
"America’s Big Rig Truckers Get The ‘10-4’ From the DOT For Window Film Use In Cabs To Help Prevent Skin Cancer",20120405,http://madicomain.staging.wpengine.com/?p=5010
"Federal Trade Commission's Help for Small Businesses with Cybersecurity",20170807,http://madicomain.staging.wpengine.com/blog/industry-news/ftc-small-businesses-cybersecurity-resources/
"How to Leverage Online Reviews to Grow Your Business",20170911,http://madicomain.staging.wpengine.com/?p=5057
"How—and Why—to Create an Effective Employee Development Program",20171009,http://madicomain.staging.wpengine.com/?p=5073
"Buy or Rent: An Entrepreneur's Guide to Securing Workspace, Workers and Equipment: Part One",20180212,http://madicomain.staging.wpengine.com/blog/business-operations/entrepreneurs-guide-workspace-workers-equipment/
"How to Have Productive Meetings",20171113,http://madicomain.staging.wpengine.com/blog/business-operations/how-have-productive-meetings/
"New &quot;Technical Resources&quot; Page Added to Madico Website",20120420,http://madicomain.staging.wpengine.com/?p=5231
"How to Get Through the Off-Season Blues and Build a Better Dealership",20171211,http://madicomain.staging.wpengine.com/?p=5258
"What’s Next: Four Tips for Making 2018 Your Most Successful Year Yet",20180108,http://madicomain.staging.wpengine.com/?p=5274
"Buy or Rent: An Entrepreneur’s Guide to Securing Workspace, Workers and Equipment: Part Two",20180312,http://madicomain.staging.wpengine.com/blog/business-operations/entrepreneurs-guide-securing-workspace-workers-equipment-part-two/
"Madico Open Houses a Success",20120503,http://madicomain.staging.wpengine.com/?p=5312
"How Window Film Enhances and Protects Homes",20180409,http://madicomain.staging.wpengine.com/blog/product-news/window-film-enhances-homes/
"International Window Film Conference and Tint-Off™ 2012",20120515,http://madicomain.staging.wpengine.com/?p=5384
"How to Market to Architects",20180423,http://madicomain.staging.wpengine.com/blog/dealer-support/how-to-market-to-architects/
"Take Back Your Time with These Strategies, Ideas, and Tools",20180611,http://madicomain.staging.wpengine.com/blog/marketing/take-back-your-time-with-these-strategies-ideas-and-tools/
"Don’t Trip Up Your Small Business with These 5 Social Media No-Nos",20180709,http://madicomain.staging.wpengine.com/blog/social-media/dont-trip-up-your-small-business-with-these-5-social-media-no-nos/
"How to Increase Your Cash Flow for Small Businesses",20180806,http://madicomain.staging.wpengine.com/blog/business-operations/5-tips-to-consider-when-planning-for-cash-flow-challenges/
"For the Window Film Industry, Social Media is Changing the Game",20181008,http://madicomain.staging.wpengine.com/blog/marketing/connect-with-customers-and-your-community-with-social-media-sunscape/
"Standing Out Through Certification Can Offer Access to New Markets",20180910,http://madicomain.staging.wpengine.com/blog/business-operations/standing-out-through-certification-can-offer-access-to-new-markets/
"Madico Window Films Offers Solutions for Spontaneous Glass Breakage",20120518,http://madicomain.staging.wpengine.com/?p=5465
"Madico participation at Intersolar Europe: A forum for Announcements",20120531,http://madicomain.staging.wpengine.com/?p=5568
"Madico’s New Sunscape® Architectural Window Film Line Hits the Market",20120601,http://madicomain.staging.wpengine.com/?p=5584
"California is First in The Nation to Add Window Film into its Building Code",20120612,http://madicomain.staging.wpengine.com/?p=5789
"Madico Window Films Supports the 2012 International Window Film Conference and Tint-Off",20120726,http://madicomain.staging.wpengine.com/?p=6102
"Sunblockers of Redding, CA Remains a Loyal Madico Customer for Over 30 Years",20120731,http://madicomain.staging.wpengine.com/blog/news/sunblockers-of-redding-ca-remains-a-loyal-madico-customer-for-over-30-years/
"Madico Window Films to Exhibit at ASIS International 2012",20120828,http://madicomain.staging.wpengine.com/?p=6287
"Madico Window Films® Employee Earns Prestigious Certified Energy Manager Credential",20120920,http://madicomain.staging.wpengine.com/?p=6332
"Madico Window Films® Returns from the IWFC &amp; Tint-Off",20120925,http://madicomain.staging.wpengine.com/?p=6350
"Madico Window Films Prepares for the 2012 SEMA Show",20121024,http://madicomain.staging.wpengine.com/?p=6415
"Madico Window Films Exhibits at the 2012 SEMA Show in Las Vegas",20121106,http://madicomain.staging.wpengine.com/?p=6460
"Winterthur Museum in Delaware Conducts Independent Study on Window Film for Museum Use",20121114,http://madicomain.staging.wpengine.com/?p=6474
"Madico Window Films - St. Petersburg, Florida Facility Improvements",20121204,http://madicomain.staging.wpengine.com/?p=6519
"Madico Window Films Thanks Customers for another Successful Year",20121218,http://madicomain.staging.wpengine.com/?p=6541
"Discovering Unique Applications for Madico’s Amber 81 Window Film",20130110,http://madicomain.staging.wpengine.com/?p=6637
"Congress Approves Energy Tax Credit for Window Films",20130125,http://madicomain.staging.wpengine.com/?p=6697
"International Window Film Conference and Tint-Off™ 2013",20130227,http://madicomain.staging.wpengine.com/?p=6785
"New Madico Professional Automotive Installation Videos Now Available",20130306,http://madicomain.staging.wpengine.com/?p=6802
"Window Films a Key Element of Europe’s Energy-Savings Initiatives",20130406,http://madicomain.staging.wpengine.com/blog/news/window-films-a-key-element-of-europes-energy-savings-initiatives/
"Madico Window Films Travels to Singapore to Exhibit at the Global Security Asia Tradeshow",20130424,http://madicomain.staging.wpengine.com/?p=7154
"A Timely Training Event for Madico’s SafetyShield® Premier Partners",20130516,http://madicomain.staging.wpengine.com/?p=7216
"Madico Window Films to Host Factory Tour for Dealers",20130611,http://madicomain.staging.wpengine.com/?p=7286
"New Faces at Madico Window Films",20130701,http://madicomain.staging.wpengine.com/?p=7317
"Madico Flat Glass Installation Videos Now Available to Dealers",20130718,http://madicomain.staging.wpengine.com/?p=7394
"Discover Your Favorite Madico Automotive Film Using our New Tint Simulator",20130724,http://madicomain.staging.wpengine.com/?p=7418
"Madico Window Films Supports the 2013 International Window Film Conference and Tint-Off",20130827,http://madicomain.staging.wpengine.com/?p=7691
"Madico Window Films to Exhibit at ASIS International 2013",20130911,http://madicomain.staging.wpengine.com/?p=7923
"Madico Window Films Returns from IWFC 2013",20130926,http://madicomain.staging.wpengine.com/?p=7999
"Madico Window Films in the News",20131001,http://madicomain.staging.wpengine.com/?p=8036
"Madico Shares the Benefits of Window Film through AIA’s Continuing Education System",20131008,http://madicomain.staging.wpengine.com/blog/news/madico-shares-the-benefits-of-window-film-through-aias-continuing-education-system/
"Optodot and Madico Granted New Patent",20131007,http://madicomain.staging.wpengine.com/?p=8126
"Window Film 101",20131018,http://madicomain.staging.wpengine.com/?p=8175
"Madico Window Films Returns from SEMA 2013",20131121,http://madicomain.staging.wpengine.com/?p=8252
"The IWFA Reminds Consumers to Take Advantage of Federal Tax Credits before the End of the Year",20131126,http://madicomain.staging.wpengine.com/?p=8277
"Madico's Window Film and Specialty Film Divisions Join Forces to Grow Business in China",20131219,http://madicomain.staging.wpengine.com/?p=8306
"Steve Wood Joins Madico Window Films as Key Account Manager",20140110,http://madicomain.staging.wpengine.com/?p=8332
"Madico’s Decolite® Film Ideal for Collaborative Workspace Trend",20140214,http://madicomain.staging.wpengine.com/?p=8555
"Madico Window Films Hosts Open House in California",20140320,http://madicomain.staging.wpengine.com/?p=8638
"Madico Window Films Launches New Solution Series",20140402,http://madicomain.staging.wpengine.com/?p=8658
"Window Film's Role in School Campus Safety",20140422,http://madicomain.staging.wpengine.com/blog/news/window-films-role-in-school-campus-safety/
"Madico Window Films Commemorates National Window Film Day",20140430,http://madicomain.staging.wpengine.com/?p=8801
"Madico Recognizes Skin Cancer Awareness Month",20140509,http://madicomain.staging.wpengine.com/?p=8812
"Kids Learn the Art of Film Installation at KidZania in Turkey",20140521,http://madicomain.staging.wpengine.com/blog/news/kids-learn-the-art-of-film-installation-at-kidzania-in-turkey/
"Solution Series Amber 81 Case Study - Outdoor School Shelter",20140707,http://madicomain.staging.wpengine.com/?p=9033
"Madico Window Films Featured in Florida's Business Observer Newspaper",20140714,http://madicomain.staging.wpengine.com/?p=9036
"Madico Window Film Helps South Tampa Residents Achieve their Goal of a Zero Net Energy Home",20140804,http://madicomain.staging.wpengine.com/?p=9043
"Madico Window Films Supports the 2014 International Window Film Conference &amp; Tint-Off",20140814,http://madicomain.staging.wpengine.com/?p=9063
"2015 F-35 Lightning II Edition Mustang Auctioned Off for Charity",20140819,http://madicomain.staging.wpengine.com/?p=9065
"ASIS International 2014 Seminar &amp; Exhibit",20140903,http://madicomain.staging.wpengine.com/?p=9110
"Madico Window Films Participates in the ALS Ice Bucket Challenge",20140917,http://madicomain.staging.wpengine.com/?p=9116
"IWFA Brings Sleep Study on Windows &amp; Daylight to the Attention of the Public",20141006,http://madicomain.staging.wpengine.com/blog/news/iwfa-brings-sleep-study-on-windows-daylight-to-the-attention-of-the-public/
"Discover Madico&#039;s New EasyEnergySavingTips.com Website",20141015,http://madicomain.staging.wpengine.com/?p=9132
"Madico Returns from WFCT in Baltimore",20141024,http://madicomain.staging.wpengine.com/?p=9155
"Madico Window Films Gears Up for SEMA 2014",20141028,http://madicomain.staging.wpengine.com/?p=9182
"Madico Returns from a Successful SEMA 2014 Show",20141118,http://madicomain.staging.wpengine.com/?p=9306
"Madico Introduces New Animated Video and Infographic, “Window Film in Your Community”",20141201,http://madicomain.staging.wpengine.com/blog/news/madico-introduces-new-animated-video-and-infographic-window-film-in-your-community/
"Happy Holidays from Madico Window Films",20141219,http://madicomain.staging.wpengine.com/?p=9394
"An Easy New Year’s Resolution You Can Keep",20150107,http://madicomain.staging.wpengine.com/?p=9402
"Congress Extends Tax Credit for Energy Saving Window Film",20150123,http://madicomain.staging.wpengine.com/?p=9432
"Green Builder Magazine Explores Film as a Cost Effective Window Retrofit",20150219,http://madicomain.staging.wpengine.com/blog/news/green-builder-magazine-explores-film-as-a-cost-effective-window-retrofit/
"Jesse Manship Joins Madico Window Films as Technical Services Engineer",20150225,http://madicomain.staging.wpengine.com/?p=9452
"Madico Introduces Invisi-Film® Paint Protection Film",20150311,http://madicomain.staging.wpengine.com/?p=9455
"Madico Introduces Second Infographic,  “Window Film for Your Vehicle”",20150318,http://madicomain.staging.wpengine.com/?p=9474
"Window Film – Separating Fact from Fiction",20150324,http://madicomain.staging.wpengine.com/blog/news/window-film-separating-fact-from-fiction/
"Madico’s Decolite™ Designer Film Line Gains Two New Products",20150402,http://madicomain.staging.wpengine.com/?p=9487
"Modern Builder + Design Magazine Features Article on Benefits of Window Film",20150410,http://madicomain.staging.wpengine.com/blog/news/modern-builder-design-magazine-features-article-on-benefits-of-window-film/
"Join Madico in Recognizing National Window Film Day on April 30th",20150414,http://madicomain.staging.wpengine.com/?p=9510
"It's National Window Film Day!",20150430,http://madicomain.staging.wpengine.com/?p=9519
"Window Film Addresses Hospital Security Concerns",20150511,http://madicomain.staging.wpengine.com/blog/news/window-film-addresses-hospital-security-concerns/
"Join Madico in Recognizing Skin Cancer Awareness Month",20150520,http://madicomain.staging.wpengine.com/blog/news/join-madico-in-recognizing-skin-cancer-awareness-month/
"Improvements at Every Turn: How One Manufacturer is Paving the Way for Efficiency",20150608,http://madicomain.staging.wpengine.com/?p=9549
"EasyEnergySavingTips.com from Madico Window Films",20150630,http://madicomain.staging.wpengine.com/?p=9559
"Window Film Brings Energy Efficiencies, Cost Savings to Florida Restaurant",20150707,http://madicomain.staging.wpengine.com/blog/news/window-film-brings-energy-efficiencies-cost-savings-to-florida-restaurant/
"Madico Appoints New Director of Marketing for Window Films",20150721,http://madicomain.staging.wpengine.com/?p=9571
"&quot;4 Benefits of Window Film for Your Customers&quot; Featured in Dealer Marketing Magazine",20150724,http://madicomain.staging.wpengine.com/blog/news/4-benefits-of-window-film-for-your-customers-featured-in-dealer-marketing-magazine/
"Madico Invites You to the International Window Film Conference &amp; Tint Off",20150817,http://madicomain.staging.wpengine.com/?p=9587
"Madico Gears up for the ASIS Security Show",20150828,http://madicomain.staging.wpengine.com/?p=9601
"Madico Introduces First Class Plotter System for Dealers",20150923,http://madicomain.staging.wpengine.com/blog/news/madico-introduces-first-class-plotter-system-for-dealers/
"Madico's Sponsored Dealers Gear up for the International Window Film Conference Tint-Off",20150924,http://madicomain.staging.wpengine.com/?p=9629
"Discover the Benefits of Partnering with Madico Window Films at SEMA 2015",20151016,http://madicomain.staging.wpengine.com/?p=9641
"The IWFA Publishes New Consumer Guide to Automotive Window Film",20151022,http://madicomain.staging.wpengine.com/?p=9646
"Celebrate Energy Star Day 2015",20151027,http://madicomain.staging.wpengine.com/?p=9651
"After 35 Years One of Chicago's Original Tinters is Retiring",20151111,http://madicomain.staging.wpengine.com/?p=9663
"Madico Window Films Returns from an Exciting SEMA 2015 Show",20151119,http://madicomain.staging.wpengine.com/?p=9665
"Professional Builder Magazine Product News: Window Film Offers Multiple Benefits",20151123,http://madicomain.staging.wpengine.com/?p=9667
"Season's Greetings from Madico Window Films",20151217,http://madicomain.staging.wpengine.com/?p=9718
"Modern Builder + Design",20160108,http://madicomain.staging.wpengine.com/blog/news/modern-builder-design/
"Window Film in Historical Preservation &amp; Restoration Projects",20160122,http://madicomain.staging.wpengine.com/blog/news/window-film-in-historical-preservation-restoration-projects/
"IWFA Members Action Committee Southeastern Education Conference",20160212,http://madicomain.staging.wpengine.com/?p=9788
"The IWFA Celebrates 25 Years",20160226,http://madicomain.staging.wpengine.com/blog/news/the-iwfa-celebrates-25-years/
"Madico UV-Gard Film Used in Custom Protective Hats for Those Suffering from XP",20160316,http://madicomain.staging.wpengine.com/blog/news/madico-uv-gard-film-used-in-custom-protective-hats-for-those-suffering-from-xp/
"Window Film in the World of Professional Sports",20160330,http://madicomain.staging.wpengine.com/blog/news/window-film-in-the-world-of-professional-sports/
"Celebrate National Window Film Day",20160406,http://madicomain.staging.wpengine.com/?p=9983
"Architectural West Magazine - Product News",20160421,http://madicomain.staging.wpengine.com/?p=9997
"Study on Assessment of Levels of Ultraviolet A Light Protection in Auto Windshields and Side Windows",20160517,http://madicomain.staging.wpengine.com/?p=10041
"5 Ways Window Film Can Improve Your Facility",20160525,http://madicomain.staging.wpengine.com/?p=10057
"Sydney City Solartint Wins Sales Contest Down Under",20160531,http://madicomain.staging.wpengine.com/?p=10059
"Window Film in Commercial Buildings Information Sheet",20160603,http://madicomain.staging.wpengine.com/?p=10065
"Madico Safety Film Featured in School Construction News",20160608,http://madicomain.staging.wpengine.com/?p=10071
"You're Invited to the International Window Film Conference &amp; Tint-Off",20160713,http://madicomain.staging.wpengine.com/?p=10095
"Madico Announces New Testing and Certifications for its Trusted Graffiti-Free Films",20160718,http://madicomain.staging.wpengine.com/?p=10098
"IWFA Accreditation Testing at the International Window Film Conference &amp; Tint-Off",20160823,http://madicomain.staging.wpengine.com/?p=10149
"Forward-thinking Strategies to Increase Energy Efficiency in Facilities",20160825,http://madicomain.staging.wpengine.com/?p=10152
"Madico to Exhibit at ASIS International 62nd Annual Seminar",20160829,http://madicomain.staging.wpengine.com/?p=10154
"Extreme Weather Calls for Home Window Safety",20160915,http://madicomain.staging.wpengine.com/?p=10164
"Madico® Introduces New Invisi-Film® Tough Coat Paint Protection Film",20160928,http://madicomain.staging.wpengine.com/?p=10174
"Madico Showcasing New Invisi-Film TC Paint Protection Film at SEMA 2016",20161026,http://madicomain.staging.wpengine.com/?p=10188
"5 Ways Window Film Can Protect Your Facilities",20161031,http://madicomain.staging.wpengine.com/blog/news/5-ways-window-film-can-protect-your-facilities/
"Green Builder Homeowner's Handbook 2016",20161107,http://madicomain.staging.wpengine.com/?p=10196
"Add a Layer of Protection, Safety and Comfort During Holiday Auto Travel",20161116,http://madicomain.staging.wpengine.com/?p=10201
"The Shine's on Madico, Inc.",20161122,http://madicomain.staging.wpengine.com/blog/news/the-shines-on-madico-inc/
"Remember to Take Advantage of 2016 Federal Tax Credits for Energy Efficiency",20170109,http://madicomain.staging.wpengine.com/?p=10226
"Introducing the New Madico Dealer Directory",20170224,http://madicomain.staging.wpengine.com/?p=10269
"Window Film Featured in Construction Specifier",20170324,http://madicomain.staging.wpengine.com/blog/news/window-film-featured-in-construction-specifier/
"IWFA Webinar Series - Managing the First Contact",20170407,http://madicomain.staging.wpengine.com/?p=10306
"The New Face of the IWFA",20110629,http://madicomain.staging.wpengine.com/?p=10311
"IWFA Announces Release of Dealer Survey",20110826,http://madicomain.staging.wpengine.com/?p=10312
"Madico Sponsored Contestant Places 3rd at International Window Film Tint-Off and Conference",20111003,http://madicomain.staging.wpengine.com/?p=10313
"Madico’s Florida Based Window Film Business and Manufacturing Facility Achieves ISO Certification",20111012,http://madicomain.staging.wpengine.com/?p=10314
"Madico Window Films Opens Northeast Service Center",20111213,http://madicomain.staging.wpengine.com/?p=10315
"Save Some &quot;Green&quot; This National Window Film Day",20170420,http://madicomain.staging.wpengine.com/?p=10316
"Skin Cancer Awareness Tips from the International Window Film Association",20170524,http://madicomain.staging.wpengine.com/blog/news/skin-cancer-awareness-tips-from-the-international-window-film-association/
"Three Ways Window Film Can Improve Operations in Facilities",20170609,http://madicomain.staging.wpengine.com/?p=10340
"Commercial Construction &amp; Renovation Magazine Article",20170626,http://madicomain.staging.wpengine.com/?p=10347
"&quot;Cool Comfort&quot; Featured in Facilitator Magazine",20170717,http://madicomain.staging.wpengine.com/?p=10361
"Madico Southeast Film Festival &amp; Tint-Off",20170818,http://madicomain.staging.wpengine.com/?p=10382
"Madico Gears Up for ASIS 2017",20170920,http://madicomain.staging.wpengine.com/?p=10398
"Madico is Heading to West Palm Beach for WFCT!",20171002,http://madicomain.staging.wpengine.com/?p=10406
"Madico to Exhibit at UK Security Expo 2017 in London",20171024,http://madicomain.staging.wpengine.com/?p=10417
"Madico to Debut New Exhibit at SEMA Show",20171027,http://madicomain.staging.wpengine.com/?p=10422
"Vacuum Depositing Inc. Continues its Technology Drive with New Leadership",20171205,http://madicomain.staging.wpengine.com/?p=10443
"AGRR Magazine Names ClearPlex Windshield Film &quot;Best New Product&quot;",20180126,http://madicomain.staging.wpengine.com/blog/news/agrr-magazine-names-clearplex-windshield-film-best-new-product/
"Madico Film Featured in Commercial Architecture Magazine",20180223,http://madicomain.staging.wpengine.com/blog/news/madico-film-featured-commercial-architecture-magazine/
"Sun Out Window Tinting Reaches for the Gold",20180518,http://madicomain.staging.wpengine.com/blog/news/sun-out-window-tinting-reaches-for-the-gold/
"Madico Southeast Film Festival &amp; Tint-Off",20180620,http://madicomain.staging.wpengine.com/blog/news/madico-southeast-film-festival-tint-off-2/
"Latest Trends in Automotive Window Film",20180625,http://madicomain.staging.wpengine.com/blog/news/latest-trends-in-automotive-window-film/
"ClearPlex Windshield Film Featured at the Porsche Parade",20180723,http://madicomain.staging.wpengine.com/blog/news/clearplex-windshield-film-featured-at-the-porsche-parade/
"Madico, Inc. Introduces Black Pearl® Nano‐Ceramic Automotive Film",20180809,http://madicomain.staging.wpengine.com/?p=10627
"Madico®, Inc. Acquires Midwest Marketing’s Distribution Business",20180815,http://madicomain.staging.wpengine.com/?p=10641
"Madico Dealer Spotlight - DP Tint and Detail",20180821,http://madicomain.staging.wpengine.com/blog/news/madico-dealer-spotlight-dp-tint-and-detail/
"Protecting the Investment of Public Transit with Specialty Films",20180921,http://madicomain.staging.wpengine.com/blog/news/protecting-the-investment-of-public-transit-with-specialty-films/
"5 Tips To Ensure Customer Happiness",20120222,http://madicomain.staging.wpengine.com/?p=10798
"Sunscape Introduces Purelite 60",20120229,http://madicomain.staging.wpengine.com/?p=10799
"California is First in The Nation to Add Window Film into its Building Code",20120613,http://madicomain.staging.wpengine.com/?p=10802
"Madico Window Films Exhibits at the 2012 SEMA Show in Las Vegas",20121107,http://madicomain.staging.wpengine.com/?p=10803
"The MAC Product Line Gets An Upgrade",20121207,http://madicomain.staging.wpengine.com/?p=10804
"2013 Sunscape Dealer Conference Is A Big Thumbs-Up",20130228,http://madicomain.staging.wpengine.com/?p=10805
"Show Us Your Stuff: A Residential Project in Alabama",20130321,http://madicomain.staging.wpengine.com/?p=10806
"Show Us Your Stuff: A Project in Pearl Harbor",20130329,http://madicomain.staging.wpengine.com/?p=10807
"Show Us Your Stuff:  A Belleville, IL Country Club Project",20130405,http://madicomain.staging.wpengine.com/?p=10808
"Purelite Products and Proprietary Technology",20130719,http://madicomain.staging.wpengine.com/?p=10809
"Socially Successful: Facebook 101",20130807,http://madicomain.staging.wpengine.com/?p=10810
"Purelite 60 in the Spotlight",20130814,http://madicomain.staging.wpengine.com/?p=10811
"Show Us Your Stuff: A Hospital Project in Kentucky",20130827,http://madicomain.staging.wpengine.com/?p=10812
"Now, Order Sunscape Print Ads Customized for Your Business",20130924,http://madicomain.staging.wpengine.com/?p=10813
"Save the Date! 2014 Sunscape Dealer Conference is Just Ahead",20131211,http://madicomain.staging.wpengine.com/?p=10814
"The First Marketing In Color Slide Show, From the 2014 Dealer Conference, Is Now Available",20140307,http://madicomain.staging.wpengine.com/?p=10815
"Join Madico in Celebrating a New Day for Window Film!",20140417,http://madicomain.staging.wpengine.com/?p=10816
"Making Time to Benefit from Sunscape Dealer Support",20140624,http://madicomain.staging.wpengine.com/?p=10817
"Borrowing Money for Your Business",20140929,http://madicomain.staging.wpengine.com/?p=10818
"Introducing the New Easy Energy Saving Tips Website",20141013,http://madicomain.staging.wpengine.com/?p=10819
"Importance of Making Time to Attend Industry Conferences & Trade Shows",20141027,http://madicomain.staging.wpengine.com/blog/sales-and-marketing/importance-of-making-time-to-attend-industry-conferences-trade-shows/
"Take Time to Recharge Your Batteries",20141124,http://madicomain.staging.wpengine.com/?p=10821
"Madico Adds Two New Decolite Films",20150119,http://madicomain.staging.wpengine.com/?p=10822
"Show Your Customers How Window Film Benefits Them Every Day",20150302,http://madicomain.staging.wpengine.com/?p=10823
"Celebrate National Window Film Day with Madico",20150408,http://madicomain.staging.wpengine.com/?p=10824
"Use LinkedIn and Facebook Groups to Build Relationships for Your Business",20150427,http://madicomain.staging.wpengine.com/?p=10825
"Case Study: Diaz de Luna Interior Design Studio",20150622,http://madicomain.staging.wpengine.com/blog/dealer-support/case-study-diaz-de-luna-interior-design-studio/
"Every Sales Tool Under the Sun",20150720,http://madicomain.staging.wpengine.com/?p=10827
"Show Off Your Happy Customers",20150831,http://madicomain.staging.wpengine.com/?p=10828
"Demonstrating Energy Savings to Customers Using Efilm",20151005,http://madicomain.staging.wpengine.com/blog/dealer-support/demonstrating-energy-savings-to-customers-using-efilm/
"Elevator Speech 101",20151116,http://madicomain.staging.wpengine.com/blog/dealer-support/elevator-speech-101/
"Put Time on Your Side",20151214,http://madicomain.staging.wpengine.com/?p=10831
"New Inspiration for the New Year",20160111,http://madicomain.staging.wpengine.com/?p=10832
"The Power of Referrals",20160215,http://madicomain.staging.wpengine.com/blog/marketing/the-power-of-referrals/
"IWFA’s Consumer Guide: “Beauty Inside & Out”",20160314,http://madicomain.staging.wpengine.com/blog/marketing/iwfas-consumer-guide-beauty-inside-out/
